LAST UPDATED,FREQUENCY,PERIOD BEGIN,PERIOD END,REGION TYPE,REGION NAME,HOMES SOLD,MEDIAN SALE PRICE ($),MEDIAN DAYS ON MARKET (DAYS),AVERAGE SALE TO LIST RATIO (%),SHARE SOLD ABOVE ORIGINAL LIST (%),NEW LISTINGS,ACTIVE LISTINGS,PENDING SALES
2026-05-03,Rolling 3 Months,2026-02-01,2026-04-30,City,"Cottage Grove, MN",161,413786,39,99.72,34.4,231,347,199
2026-05-03,Rolling 3 Months,2026-01-01,2026-03-31,City,"Cottage Grove, MN",126,399200,43,98.95,28.57,177,298,161
2026-05-03,Rolling 3 Months,2025-12-01,2026-02-28,City,"Cottage Grove, MN",130,406250,41,99.07,19.23,137,271,134
2026-05-03,Rolling 3 Months,2025-11-01,2026-01-31,City,"Cottage Grove, MN",142,394900,39,98.87,16.2,120,268,110
2026-05-03,Rolling 3 Months,2025-10-01,2025-12-31,City,"Cottage Grove, MN",170,399905,34,99.46,19.41,160,284,144
2026-05-03,Rolling 3 Months,2025-09-01,2025-11-30,City,"Cottage Grove, MN",173,415000,28,99.89,24.86,197,318,157
2026-05-03,Rolling 3 Months,2025-08-01,2025-10-31,City,"Cottage Grove, MN",184,415000,27,99.83,26.09,229,344,173
2026-05-03,Rolling 3 Months,2025-07-01,2025-09-30,City,"Cottage Grove, MN",204,412000,30,99.84,25.49,214,339,182
2026-05-03,Rolling 3 Months,2025-06-01,2025-08-31,City,"Cottage Grove, MN",207,408403,26,100.18,29.47,217,343,194
2026-05-03,Rolling 3 Months,2025-05-01,2025-07-31,City,"Cottage Grove, MN",206,400000,23,100.64,33.5,215,337,204
2026-05-03,Rolling 3 Months,2025-04-01,2025-06-30,City,"Cottage Grove, MN",193,405000,18,101.02,38.86,232,335,198
2026-05-03,Rolling 3 Months,2025-03-01,2025-05-31,City,"Cottage Grove, MN",185,391500,28,100.58,35.14,233,329,197
2026-05-03,Rolling 3 Months,2025-02-01,2025-04-30,City,"Cottage Grove, MN",162,389900,38,100.32,35.8,214,312,183
2026-05-03,Rolling 3 Months,2025-01-01,2025-03-31,City,"Cottage Grove, MN",144,384000,46,99.92,30.56,190,284,173
2026-05-03,Rolling 3 Months,2024-12-01,2025-02-28,City,"Cottage Grove, MN",129,403712,50,99.84,26.36,147,255,145
2026-05-03,Rolling 3 Months,2024-11-01,2025-01-31,City,"Cottage Grove, MN",138,402424,45,99.7,20.29,127,245,134
2026-05-03,Rolling 3 Months,2024-10-01,2024-12-31,City,"Cottage Grove, MN",157,409900,39,99.88,21.66,127,274,140
2026-05-03,Rolling 3 Months,2024-09-01,2024-11-30,City,"Cottage Grove, MN",164,394900,36,99.73,23.17,166,289,151
2026-05-03,Rolling 3 Months,2024-08-01,2024-10-31,City,"Cottage Grove, MN",183,400000,34,99.87,27.32,204,315,166
2026-05-03,Rolling 3 Months,2024-07-01,2024-09-30,City,"Cottage Grove, MN",205,400000,29,99.93,32.2,204,327,171
2026-05-03,Rolling 3 Months,2024-06-01,2024-08-31,City,"Cottage Grove, MN",221,400000,21,100.53,39.37,207,342,178
2026-05-03,Rolling 3 Months,2024-05-01,2024-07-31,City,"Cottage Grove, MN",211,390058,20,100.81,44.55,239,356,205
2026-05-03,Rolling 3 Months,2024-04-01,2024-06-30,City,"Cottage Grove, MN",187,399900,20,101.13,46.52,273,365,215
2026-05-03,Rolling 3 Months,2024-03-01,2024-05-31,City,"Cottage Grove, MN",184,399900,27,100.56,39.67,272,362,217
2026-05-03,Rolling 3 Months,2024-02-01,2024-04-30,City,"Cottage Grove, MN",145,405000,43,100.06,32.41,237,302,182
2026-05-03,Rolling 3 Months,2024-01-01,2024-03-31,City,"Cottage Grove, MN",125,392000,64,98.88,19.2,174,258,152
2026-05-03,Rolling 3 Months,2023-12-01,2024-02-29,City,"Cottage Grove, MN",104,388750,62,98.49,13.46,125,238,137
2026-05-03,Rolling 3 Months,2023-11-01,2024-01-31,City,"Cottage Grove, MN",131,406000,53,98.68,12.21,98,224,128
2026-05-03,Rolling 3 Months,2023-10-01,2023-12-31,City,"Cottage Grove, MN",136,419700,35,99.47,21.32,112,232,127
2026-05-03,Rolling 3 Months,2023-09-01,2023-11-30,City,"Cottage Grove, MN",150,411325,33,99.78,24.67,162,259,131
2026-05-03,Rolling 3 Months,2023-08-01,2023-10-31,City,"Cottage Grove, MN",170,395000,30,100.6,34.71,177,278,144
2026-05-03,Rolling 3 Months,2023-07-01,2023-09-30,City,"Cottage Grove, MN",189,395000,29,100.53,34.92,192,303,167
2026-05-03,Rolling 3 Months,2023-06-01,2023-08-31,City,"Cottage Grove, MN",201,390000,24,101.32,40.8,196,302,190
2026-05-03,Rolling 3 Months,2023-05-01,2023-07-31,City,"Cottage Grove, MN",188,390000,21,101.42,41.49,217,312,206
2026-05-03,Rolling 3 Months,2023-04-01,2023-06-30,City,"Cottage Grove, MN",177,385000,22,101.36,38.42,224,314,200
2026-05-03,Rolling 3 Months,2023-03-01,2023-05-31,City,"Cottage Grove, MN",169,385000,29,100.27,28.99,201,293,176
2026-05-03,Rolling 3 Months,2023-02-01,2023-04-30,City,"Cottage Grove, MN",142,385000,40,99.81,22.54,174,269,162
2026-05-03,Rolling 3 Months,2023-01-01,2023-03-31,City,"Cottage Grove, MN",118,375000,38,99.64,19.49,151,258,151
2026-05-03,Rolling 3 Months,2026-02-01,2026-04-30,City,"Lake Elmo, MN",57,604638,42,99.01,25.0,68,112,60
2026-05-03,Rolling 3 Months,2026-01-01,2026-03-31,City,"Lake Elmo, MN",48,595500,43,99.05,25.0,59,101,63
2026-05-03,Rolling 3 Months,2025-12-01,2026-02-28,City,"Lake Elmo, MN",41,590000,46,98.47,12.2,48,91,46
2026-05-03,Rolling 3 Months,2025-11-01,2026-01-31,City,"Lake Elmo, MN",47,599900,29,99.33,12.77,35,86,36
2026-05-03,Rolling 3 Months,2025-10-01,2025-12-31,City,"Lake Elmo, MN",67,599900,29,99.3,11.94,43,102,44
2026-05-03,Rolling 3 Months,2025-09-01,2025-11-30,City,"Lake Elmo, MN",84,628250,21,99.78,19.05,66,123,67
2026-05-03,Rolling 3 Months,2025-08-01,2025-10-31,City,"Lake Elmo, MN",87,640921,22,99.57,18.39,79,139,77
2026-05-03,Rolling 3 Months,2025-07-01,2025-09-30,City,"Lake Elmo, MN",78,620000,21,99.68,21.79,86,144,77
2026-05-03,Rolling 3 Months,2025-06-01,2025-08-31,City,"Lake Elmo, MN",73,650000,34,99.65,20.55,85,135,66
2026-05-03,Rolling 3 Months,2025-05-01,2025-07-31,City,"Lake Elmo, MN",61,650000,28,99.38,21.31,91,133,63
2026-05-03,Rolling 3 Months,2025-04-01,2025-06-30,City,"Lake Elmo, MN",61,850000,28,99.11,22.95,89,126,60
2026-05-03,Rolling 3 Months,2025-03-01,2025-05-31,City,"Lake Elmo, MN",54,669500,31,98.58,18.52,81,121,62
2026-05-03,Rolling 3 Months,2025-02-01,2025-04-30,City,"Lake Elmo, MN",56,690000,56,98.61,17.86,71,110,61
2026-05-03,Rolling 3 Months,2025-01-01,2025-03-31,City,"Lake Elmo, MN",50,669500,73,98.57,12.0,59,100,57
2026-05-03,Rolling 3 Months,2024-12-01,2025-02-28,City,"Lake Elmo, MN",44,597000,111,98.5,9.09,39,86,39
2026-05-03,Rolling 3 Months,2024-11-01,2025-01-31,City,"Lake Elmo, MN",37,599900,49,98.36,8.11,29,83,32
2026-05-03,Rolling 3 Months,2024-10-01,2024-12-31,City,"Lake Elmo, MN",53,643000,51,98.87,13.21,29,82,34
2026-05-03,Rolling 3 Months,2024-09-01,2024-11-30,City,"Lake Elmo, MN",54,654000,48,98.62,12.96,52,107,53
2026-05-03,Rolling 3 Months,2024-08-01,2024-10-31,City,"Lake Elmo, MN",65,670000,44,98.52,13.85,68,120,60
2026-05-03,Rolling 3 Months,2024-07-01,2024-09-30,City,"Lake Elmo, MN",63,631896,43,98.12,9.52,76,127,71
2026-05-03,Rolling 3 Months,2024-06-01,2024-08-31,City,"Lake Elmo, MN",63,650000,36,98.67,15.87,78,125,62
2026-05-03,Rolling 3 Months,2024-05-01,2024-07-31,City,"Lake Elmo, MN",68,667500,35,99.0,17.65,74,119,64
2026-05-03,Rolling 3 Months,2024-04-01,2024-06-30,City,"Lake Elmo, MN",62,712000,39,99.58,22.58,67,119,58
2026-05-03,Rolling 3 Months,2024-03-01,2024-05-31,City,"Lake Elmo, MN",61,684889,53,99.14,21.31,60,108,57
2026-05-03,Rolling 3 Months,2024-02-01,2024-04-30,City,"Lake Elmo, MN",47,685000,92,99.1,17.02,65,110,54
2026-05-03,Rolling 3 Months,2024-01-01,2024-03-31,City,"Lake Elmo, MN",37,689697,100,97.11,13.51,61,111,50
2026-05-03,Rolling 3 Months,2023-12-01,2024-02-29,City,"Lake Elmo, MN",34,704849,88,96.66,14.71,52,104,48
2026-05-03,Rolling 3 Months,2023-11-01,2024-01-31,City,"Lake Elmo, MN",39,624900,55,97.12,23.08,43,96,39
2026-05-03,Rolling 3 Months,2023-10-01,2023-12-31,City,"Lake Elmo, MN",46,660944,54,98.07,21.74,43,107,39
2026-05-03,Rolling 3 Months,2023-09-01,2023-11-30,City,"Lake Elmo, MN",53,670000,62,98.14,16.98,50,107,35
2026-05-03,Rolling 3 Months,2023-08-01,2023-10-31,City,"Lake Elmo, MN",57,599000,45,98.3,15.79,60,113,50
2026-05-03,Rolling 3 Months,2023-07-01,2023-09-30,City,"Lake Elmo, MN",59,680000,40,98.43,18.64,67,132,56
2026-05-03,Rolling 3 Months,2023-06-01,2023-08-31,City,"Lake Elmo, MN",61,670000,30,98.86,19.67,71,133,53
2026-05-03,Rolling 3 Months,2023-05-01,2023-07-31,City,"Lake Elmo, MN",54,717424,35,99.19,20.37,78,133,56
2026-05-03,Rolling 3 Months,2023-04-01,2023-06-30,City,"Lake Elmo, MN",48,712500,35,99.37,18.75,79,128,49
2026-05-03,Rolling 3 Months,2023-03-01,2023-05-31,City,"Lake Elmo, MN",48,644900,59,99.25,16.67,72,121,49
2026-05-03,Rolling 3 Months,2023-02-01,2023-04-30,City,"Lake Elmo, MN",39,615000,42,98.89,15.38,55,104,43
2026-05-03,Rolling 3 Months,2023-01-01,2023-03-31,City,"Lake Elmo, MN",34,529950,83,98.33,14.71,55,97,38
2026-05-03,Rolling 3 Months,2026-02-01,2026-04-30,City,"Mahtomedi, MN",30,452266,19,99.65,27.59,48,60,34
2026-05-03,Rolling 3 Months,2026-01-01,2026-03-31,City,"Mahtomedi, MN",20,441250,30,99.67,20.0,33,48,27
2026-05-03,Rolling 3 Months,2025-12-01,2026-02-28,City,"Mahtomedi, MN",23,452500,34,100.05,30.43,23,39,16
2026-05-03,Rolling 3 Months,2025-11-01,2026-01-31,City,"Mahtomedi, MN",19,510000,36,99.74,21.05,16,36,17
2026-05-03,Rolling 3 Months,2025-10-01,2025-12-31,City,"Mahtomedi, MN",25,425000,36,98.0,24.0,24,44,23
2026-05-03,Rolling 3 Months,2025-09-01,2025-11-30,City,"Mahtomedi, MN",27,409900,36,98.49,29.63,29,54,29
2026-05-03,Rolling 3 Months,2025-08-01,2025-10-31,City,"Mahtomedi, MN",35,425000,36,98.81,31.43,36,57,36
2026-05-03,Rolling 3 Months,2025-07-01,2025-09-30,City,"Mahtomedi, MN",32,438500,29,99.67,40.63,32,53,34
2026-05-03,Rolling 3 Months,2025-06-01,2025-08-31,City,"Mahtomedi, MN",39,515000,21,101.11,48.72,38,53,32
2026-05-03,Rolling 3 Months,2025-05-01,2025-07-31,City,"Mahtomedi, MN",40,512500,20,101.71,52.5,49,57,32
2026-05-03,Rolling 3 Months,2025-04-01,2025-06-30,City,"Mahtomedi, MN",41,491000,19,101.69,43.9,47,60,40
2026-05-03,Rolling 3 Months,2025-03-01,2025-05-31,City,"Mahtomedi, MN",29,460000,25,100.29,37.93,43,55,41
2026-05-03,Rolling 3 Months,2025-02-01,2025-04-30,City,"Mahtomedi, MN",19,480000,26,98.27,31.58,29,38,34
2026-05-03,Rolling 3 Months,2025-01-01,2025-03-31,City,"Mahtomedi, MN",15,480000,49,97.26,26.67,26,38,22
2026-05-03,Rolling 3 Months,2024-12-01,2025-02-28,City,"Mahtomedi, MN",12,405000,59,96.19,0.0,17,32,17
2026-05-03,Rolling 3 Months,2024-11-01,2025-01-31,City,"Mahtomedi, MN",19,415000,43,98.46,15.79,16,32,14
2026-05-03,Rolling 3 Months,2024-10-01,2024-12-31,City,"Mahtomedi, MN",21,415000,30,98.42,23.81,15,34,15
2026-05-03,Rolling 3 Months,2024-09-01,2024-11-30,City,"Mahtomedi, MN",22,524950,25,99.81,27.27,22,38,18
2026-05-03,Rolling 3 Months,2024-08-01,2024-10-31,City,"Mahtomedi, MN",22,512450,25,100.44,45.45,22,36,20
2026-05-03,Rolling 3 Months,2024-07-01,2024-09-30,City,"Mahtomedi, MN",25,524900,25,101.62,52.0,27,44,25
2026-05-03,Rolling 3 Months,2024-06-01,2024-08-31,City,"Mahtomedi, MN",37,500000,22,101.16,48.65,28,46,28
2026-05-03,Rolling 3 Months,2024-05-01,2024-07-31,City,"Mahtomedi, MN",37,520000,22,101.03,40.54,37,55,36
2026-05-03,Rolling 3 Months,2024-04-01,2024-06-30,City,"Mahtomedi, MN",35,562500,19,100.7,37.14,41,53,34
2026-05-03,Rolling 3 Months,2024-03-01,2024-05-31,City,"Mahtomedi, MN",21,562500,29,100.31,38.1,38,48,27
2026-05-03,Rolling 3 Months,2024-02-01,2024-04-30,City,"Mahtomedi, MN",16,457000,35,100.68,37.5,27,38,20
2026-05-03,Rolling 3 Months,2024-01-01,2024-03-31,City,"Mahtomedi, MN",8,426250,34,100.83,37.5,19,30,18
2026-05-03,Rolling 3 Months,2023-12-01,2024-02-29,City,"Mahtomedi, MN",10,427500,35,99.79,40.0,12,25,13
2026-05-03,Rolling 3 Months,2023-11-01,2024-01-31,City,"Mahtomedi, MN",13,442500,32,98.41,30.77,11,22,15
2026-05-03,Rolling 3 Months,2023-10-01,2023-12-31,City,"Mahtomedi, MN",31,505000,46,99.98,25.81,11,29,15
2026-05-03,Rolling 3 Months,2023-09-01,2023-11-30,City,"Mahtomedi, MN",33,480000,41,100.66,27.27,14,42,26
2026-05-03,Rolling 3 Months,2023-08-01,2023-10-31,City,"Mahtomedi, MN",36,470152,36,101.3,33.33,24,49,30
2026-05-03,Rolling 3 Months,2023-07-01,2023-09-30,City,"Mahtomedi, MN",26,435000,18,100.47,34.62,34,56,37
2026-05-03,Rolling 3 Months,2023-06-01,2023-08-31,City,"Mahtomedi, MN",27,485000,20,99.55,25.93,43,60,35
2026-05-03,Rolling 3 Months,2023-05-01,2023-07-31,City,"Mahtomedi, MN",21,495000,20,98.63,14.29,40,53,31
2026-05-03,Rolling 3 Months,2023-04-01,2023-06-30,City,"Mahtomedi, MN",18,500000,14,98.92,27.78,32,43,22
2026-05-03,Rolling 3 Months,2023-03-01,2023-05-31,City,"Mahtomedi, MN",19,445000,40,99.6,31.58,27,37,20
2026-05-03,Rolling 3 Months,2023-02-01,2023-04-30,City,"Mahtomedi, MN",20,455000,47,99.57,35.0,21,33,22
2026-05-03,Rolling 3 Months,2023-01-01,2023-03-31,City,"Mahtomedi, MN",18,442500,39,101.1,33.33,20,34,21
2026-05-03,Rolling 3 Months,2026-02-01,2026-04-30,City,"Maplewood, MN",78,333828,37,99.32,30.26,130,176,107
2026-05-03,Rolling 3 Months,2026-01-01,2026-03-31,City,"Maplewood, MN",57,320000,46,99.09,28.07,98,148,83
2026-05-03,Rolling 3 Months,2025-12-01,2026-02-28,City,"Maplewood, MN",59,320000,41,99.34,28.81,66,129,60
2026-05-03,Rolling 3 Months,2025-11-01,2026-01-31,City,"Maplewood, MN",82,338950,38,99.23,24.39,55,127,64
2026-05-03,Rolling 3 Months,2025-10-01,2025-12-31,City,"Maplewood, MN",102,336500,37,99.78,29.41,80,156,86
2026-05-03,Rolling 3 Months,2025-09-01,2025-11-30,City,"Maplewood, MN",106,340000,31,99.73,32.08,105,190,102
2026-05-03,Rolling 3 Months,2025-08-01,2025-10-31,City,"Maplewood, MN",111,340000,30,99.93,37.84,138,214,116
2026-05-03,Rolling 3 Months,2025-07-01,2025-09-30,City,"Maplewood, MN",118,345433,24,100.36,44.07,138,206,110
2026-05-03,Rolling 3 Months,2025-06-01,2025-08-31,City,"Maplewood, MN",122,344500,23,100.79,50.0,147,216,129
2026-05-03,Rolling 3 Months,2025-05-01,2025-07-31,City,"Maplewood, MN",125,335000,19,101.4,56.0,142,194,127
2026-05-03,Rolling 3 Months,2025-04-01,2025-06-30,City,"Maplewood, MN",115,337000,19,100.97,49.57,149,194,136
2026-05-03,Rolling 3 Months,2025-03-01,2025-05-31,City,"Maplewood, MN",96,332500,17,101.13,48.96,134,176,122
2026-05-03,Rolling 3 Months,2025-02-01,2025-04-30,City,"Maplewood, MN",83,347167,20,100.63,45.78,120,158,108
2026-05-03,Rolling 3 Months,2025-01-01,2025-03-31,City,"Maplewood, MN",80,332500,33,100.22,37.5,104,140,91
2026-05-03,Rolling 3 Months,2024-12-01,2025-02-28,City,"Maplewood, MN",93,330000,40,99.92,31.18,86,132,80
2026-05-03,Rolling 3 Months,2024-11-01,2025-01-31,City,"Maplewood, MN",97,320000,40,99.34,25.77,74,137,89
2026-05-03,Rolling 3 Months,2024-10-01,2024-12-31,City,"Maplewood, MN",109,320000,29,99.49,33.94,80,142,96
2026-05-03,Rolling 3 Months,2024-09-01,2024-11-30,City,"Maplewood, MN",117,325000,28,99.24,35.04,107,172,119
2026-05-03,Rolling 3 Months,2024-08-01,2024-10-31,City,"Maplewood, MN",126,336000,26,100.03,38.1,126,190,126
2026-05-03,Rolling 3 Months,2024-07-01,2024-09-30,City,"Maplewood, MN",136,340100,24,100.5,38.24,143,202,133
2026-05-03,Rolling 3 Months,2024-06-01,2024-08-31,City,"Maplewood, MN",129,340000,21,101.37,44.19,155,202,128
2026-05-03,Rolling 3 Months,2024-05-01,2024-07-31,City,"Maplewood, MN",134,333750,19,101.84,51.49,170,210,144
2026-05-03,Rolling 3 Months,2024-04-01,2024-06-30,City,"Maplewood, MN",113,336000,17,102.52,60.18,157,198,143
2026-05-03,Rolling 3 Months,2024-03-01,2024-05-31,City,"Maplewood, MN",94,335500,18,102.21,56.38,139,169,124
2026-05-03,Rolling 3 Months,2024-02-01,2024-04-30,City,"Maplewood, MN",66,340000,18,101.46,50.0,107,134,99
2026-05-03,Rolling 3 Months,2024-01-01,2024-03-31,City,"Maplewood, MN",48,301500,22,99.98,37.5,81,108,71
2026-05-03,Rolling 3 Months,2023-12-01,2024-02-29,City,"Maplewood, MN",55,300000,23,99.75,29.09,58,84,55
2026-05-03,Rolling 3 Months,2023-11-01,2024-01-31,City,"Maplewood, MN",74,317000,24,99.59,28.38,48,95,62
2026-05-03,Rolling 3 Months,2023-10-01,2023-12-31,City,"Maplewood, MN",90,330000,22,100.0,33.33,64,116,78
2026-05-03,Rolling 3 Months,2023-09-01,2023-11-30,City,"Maplewood, MN",101,335000,17,100.61,44.55,93,133,98
2026-05-03,Rolling 3 Months,2023-08-01,2023-10-31,City,"Maplewood, MN",106,337000,13,101.8,51.89,117,157,104
2026-05-03,Rolling 3 Months,2023-07-01,2023-09-30,City,"Maplewood, MN",123,327500,11,103.08,58.54,127,172,120
2026-05-03,Rolling 3 Months,2023-06-01,2023-08-31,City,"Maplewood, MN",144,333500,12,103.25,59.72,130,176,131
2026-05-03,Rolling 3 Months,2023-05-01,2023-07-31,City,"Maplewood, MN",139,331000,13,103.49,61.87,153,189,153
2026-05-03,Rolling 3 Months,2023-04-01,2023-06-30,City,"Maplewood, MN",120,331250,15,102.78,56.67,143,175,136
2026-05-03,Rolling 3 Months,2023-03-01,2023-05-31,City,"Maplewood, MN",84,316700,19,102.24,50.0,127,154,120
2026-05-03,Rolling 3 Months,2023-02-01,2023-04-30,City,"Maplewood, MN",66,316200,26,100.54,37.88,89,116,82
2026-05-03,Rolling 3 Months,2023-01-01,2023-03-31,City,"Maplewood, MN",65,310000,32,99.29,30.77,72,105,64
2026-05-03,Rolling 3 Months,2026-02-01,2026-04-30,City,"Newport, MN",5,544719,47,97.74,20.0,11,18,9
2026-05-03,Rolling 3 Months,2026-01-01,2026-03-31,City,"Newport, MN",1,319000,88,100.0,0.0,6,11,8
2026-05-03,Rolling 3 Months,2025-12-01,2026-02-28,City,"Newport, MN",6,314500,49,101.27,50.0,4,11,7
2026-05-03,Rolling 3 Months,2025-11-01,2026-01-31,City,"Newport, MN",8,314500,49,102.06,50.0,4,10,6
2026-05-03,Rolling 3 Months,2025-10-01,2025-12-31,City,"Newport, MN",11,293000,28,99.74,45.45,3,15,9
2026-05-03,Rolling 3 Months,2025-09-01,2025-11-30,City,"Newport, MN",10,314349,30,98.66,20.0,12,22,12
2026-05-03,Rolling 3 Months,2025-08-01,2025-10-31,City,"Newport, MN",11,370000,15,98.24,27.27,15,23,17
2026-05-03,Rolling 3 Months,2025-07-01,2025-09-30,City,"Newport, MN",11,485000,14,100.33,45.45,22,23,16
2026-05-03,Rolling 3 Months,2025-06-01,2025-08-31,City,"Newport, MN",13,427000,15,100.16,46.15,17,20,13
2026-05-03,Rolling 3 Months,2025-05-01,2025-07-31,City,"Newport, MN",13,365000,23,102.44,46.15,14,18,10
2026-05-03,Rolling 3 Months,2025-04-01,2025-06-30,City,"Newport, MN",10,364000,27,102.9,30.0,9,13,11
2026-05-03,Rolling 3 Months,2025-03-01,2025-05-31,City,"Newport, MN",8,335000,21,104.19,37.5,8,11,10
2026-05-03,Rolling 3 Months,2025-02-01,2025-04-30,City,"Newport, MN",7,315000,17,100.36,28.57,8,11,9
2026-05-03,Rolling 3 Months,2025-01-01,2025-03-31,City,"Newport, MN",10,330000,38,99.57,20.0,8,11,6
2026-05-03,Rolling 3 Months,2024-12-01,2025-02-28,City,"Newport, MN",11,315000,50,100.24,18.18,7,14,11
2026-05-03,Rolling 3 Months,2024-11-01,2025-01-31,City,"Newport, MN",12,381743,46,99.82,16.67,7,15,11
2026-05-03,Rolling 3 Months,2024-10-01,2024-12-31,City,"Newport, MN",14,366947,38,100.91,21.43,9,17,16
2026-05-03,Rolling 3 Months,2024-09-01,2024-11-30,City,"Newport, MN",10,381743,30,100.71,20.0,13,19,13
2026-05-03,Rolling 3 Months,2024-08-01,2024-10-31,City,"Newport, MN",8,395000,30,101.57,25.0,14,19,12
2026-05-03,Rolling 3 Months,2024-07-01,2024-09-30,City,"Newport, MN",6,360000,23,100.25,50.0,11,16,6
2026-05-03,Rolling 3 Months,2024-06-01,2024-08-31,City,"Newport, MN",8,318500,23,100.76,62.5,10,13,5
2026-05-03,Rolling 3 Months,2024-05-01,2024-07-31,City,"Newport, MN",9,317000,17,101.06,55.56,12,14,8
2026-05-03,Rolling 3 Months,2024-04-01,2024-06-30,City,"Newport, MN",9,317000,27,100.11,44.44,13,15,10
2026-05-03,Rolling 3 Months,2024-03-01,2024-05-31,City,"Newport, MN",10,352000,33,100.04,30.0,11,14,15
2026-05-03,Rolling 3 Months,2024-02-01,2024-04-30,City,"Newport, MN",9,342000,38,98.37,22.22,9,14,12
2026-05-03,Rolling 3 Months,2024-01-01,2024-03-31,City,"Newport, MN",6,411000,45,98.32,16.67,9,13,11
2026-05-03,Rolling 3 Months,2023-12-01,2024-02-29,City,"Newport, MN",2,323500,109,92.95,0.0,7,11,5
2026-05-03,Rolling 3 Months,2023-11-01,2024-01-31,City,"Newport, MN",2,385000,85,101.89,50.0,5,9,4
2026-05-03,Rolling 3 Months,2023-10-01,2023-12-31,City,"Newport, MN",4,332000,23,99.6,50.0,6,8,5
2026-05-03,Rolling 3 Months,2023-09-01,2023-11-30,City,"Newport, MN",8,280000,20,98.78,37.5,8,10,5
2026-05-03,Rolling 3 Months,2023-08-01,2023-10-31,City,"Newport, MN",13,353500,15,99.77,46.15,9,15,10
2026-05-03,Rolling 3 Months,2023-07-01,2023-09-30,City,"Newport, MN",15,356500,19,100.36,46.67,12,15,11
2026-05-03,Rolling 3 Months,2023-06-01,2023-08-31,City,"Newport, MN",18,360000,16,102.81,50.0,14,17,14
2026-05-03,Rolling 3 Months,2023-05-01,2023-07-31,City,"Newport, MN",13,349900,16,103.08,46.15,20,23,16
2026-05-03,Rolling 3 Months,2023-04-01,2023-06-30,City,"Newport, MN",10,336500,13,105.51,60.0,15,17,14
2026-05-03,Rolling 3 Months,2023-03-01,2023-05-31,City,"Newport, MN",5,232900,19,104.78,100.0,13,13,11
2026-05-03,Rolling 3 Months,2023-02-01,2023-04-30,City,"Newport, MN",5,231000,20,102.45,80.0,5,7,5
2026-05-03,Rolling 3 Months,2023-01-01,2023-03-31,City,"Newport, MN",8,261750,76,98.31,25.0,4,7,5
2026-05-03,Rolling 3 Months,2026-02-01,2026-04-30,City,"North St. Paul, MN",41,347271,22,99.55,32.5,50,72,40
2026-05-03,Rolling 3 Months,2026-01-01,2026-03-31,City,"North St. Paul, MN",28,355500,39,100.05,25.0,37,60,34
2026-05-03,Rolling 3 Months,2025-12-01,2026-02-28,City,"North St. Paul, MN",33,339000,40,98.53,27.27,30,55,30
2026-05-03,Rolling 3 Months,2025-11-01,2026-01-31,City,"North St. Paul, MN",31,300000,35,98.25,29.03,30,60,36
2026-05-03,Rolling 3 Months,2025-10-01,2025-12-31,City,"North St. Paul, MN",42,302500,22,99.4,42.86,38,64,40
2026-05-03,Rolling 3 Months,2025-09-01,2025-11-30,City,"North St. Paul, MN",46,337500,24,100.39,43.48,43,76,46
2026-05-03,Rolling 3 Months,2025-08-01,2025-10-31,City,"North St. Paul, MN",51,343000,21,101.25,50.98,56,84,48
2026-05-03,Rolling 3 Months,2025-07-01,2025-09-30,City,"North St. Paul, MN",46,332450,33,100.89,41.3,57,81,49
2026-05-03,Rolling 3 Months,2025-06-01,2025-08-31,City,"North St. Paul, MN",49,327000,27,101.09,40.82,55,87,49
2026-05-03,Rolling 3 Months,2025-05-01,2025-07-31,City,"North St. Paul, MN",51,325000,32,101.1,35.29,49,76,44
2026-05-03,Rolling 3 Months,2025-04-01,2025-06-30,City,"North St. Paul, MN",51,350000,22,101.54,43.14,54,82,47
2026-05-03,Rolling 3 Months,2025-03-01,2025-05-31,City,"North St. Paul, MN",38,315000,26,100.99,39.47,67,85,48
2026-05-03,Rolling 3 Months,2025-02-01,2025-04-30,City,"North St. Paul, MN",28,327250,23,100.05,42.86,56,76,42
2026-05-03,Rolling 3 Months,2025-01-01,2025-03-31,City,"North St. Paul, MN",27,300000,35,99.31,33.33,44,64,37
2026-05-03,Rolling 3 Months,2024-12-01,2025-02-28,City,"North St. Paul, MN",31,320000,22,99.86,35.48,28,47,29
2026-05-03,Rolling 3 Months,2024-11-01,2025-01-31,City,"North St. Paul, MN",37,300000,20,101.2,43.24,30,55,32
2026-05-03,Rolling 3 Months,2024-10-01,2024-12-31,City,"North St. Paul, MN",42,300000,21,101.04,33.33,36,64,35
2026-05-03,Rolling 3 Months,2024-09-01,2024-11-30,City,"North St. Paul, MN",43,300000,16,101.57,39.53,39,71,42
2026-05-03,Rolling 3 Months,2024-08-01,2024-10-31,City,"North St. Paul, MN",52,318000,23,101.3,34.62,54,78,49
2026-05-03,Rolling 3 Months,2024-07-01,2024-09-30,City,"North St. Paul, MN",52,344500,14,101.76,44.23,58,80,54
2026-05-03,Rolling 3 Months,2024-06-01,2024-08-31,City,"North St. Paul, MN",58,350000,20,101.87,48.28,72,91,65
2026-05-03,Rolling 3 Months,2024-05-01,2024-07-31,City,"North St. Paul, MN",51,345000,19,101.74,54.9,66,87,64
2026-05-03,Rolling 3 Months,2024-04-01,2024-06-30,City,"North St. Paul, MN",51,348400,20,102.02,64.71,61,79,54
2026-05-03,Rolling 3 Months,2024-03-01,2024-05-31,City,"North St. Paul, MN",46,346700,17,102.21,58.7,54,67,48
2026-05-03,Rolling 3 Months,2024-02-01,2024-04-30,City,"North St. Paul, MN",43,318000,17,102.37,55.81,46,64,39
2026-05-03,Rolling 3 Months,2024-01-01,2024-03-31,City,"North St. Paul, MN",37,315000,19,102.22,40.54,43,62,45
2026-05-03,Rolling 3 Months,2023-12-01,2024-02-29,City,"North St. Paul, MN",33,299000,35,101.15,33.33,32,50,35
2026-05-03,Rolling 3 Months,2023-11-01,2024-01-31,City,"North St. Paul, MN",32,307000,28,100.97,34.38,29,51,36
2026-05-03,Rolling 3 Months,2023-10-01,2023-12-31,City,"North St. Paul, MN",39,325000,23,100.95,38.46,37,60,35
2026-05-03,Rolling 3 Months,2023-09-01,2023-11-30,City,"North St. Paul, MN",48,334447,20,101.13,47.92,46,69,42
2026-05-03,Rolling 3 Months,2023-08-01,2023-10-31,City,"North St. Paul, MN",51,310000,13,101.81,56.86,60,80,54
2026-05-03,Rolling 3 Months,2023-07-01,2023-09-30,City,"North St. Paul, MN",46,310000,13,102.46,65.22,59,75,49
2026-05-03,Rolling 3 Months,2023-06-01,2023-08-31,City,"North St. Paul, MN",48,325000,11,103.42,62.5,55,69,51
2026-05-03,Rolling 3 Months,2023-05-01,2023-07-31,City,"North St. Paul, MN",54,345000,17,102.91,53.7,53,73,54
2026-05-03,Rolling 3 Months,2023-04-01,2023-06-30,City,"North St. Paul, MN",53,345000,14,102.53,50.94,51,66,51
2026-05-03,Rolling 3 Months,2023-03-01,2023-05-31,City,"North St. Paul, MN",49,350000,13,102.1,51.02,53,65,50
2026-05-03,Rolling 3 Months,2023-02-01,2023-04-30,City,"North St. Paul, MN",43,322000,16,101.45,44.19,48,67,47
2026-05-03,Rolling 3 Months,2023-01-01,2023-03-31,City,"North St. Paul, MN",46,293500,28,100.46,34.78,41,65,47
2026-05-03,Rolling 3 Months,2026-02-01,2026-04-30,City,"Oak Park Heights, MN",7,419783,40,98.96,28.57,15,21,8
2026-05-03,Rolling 3 Months,2026-01-01,2026-03-31,City,"Oak Park Heights, MN",4,400000,66,97.15,0.0,11,19,8
2026-05-03,Rolling 3 Months,2025-12-01,2026-02-28,City,"Oak Park Heights, MN",5,405000,25,99.45,0.0,9,17,6
2026-05-03,Rolling 3 Months,2025-11-01,2026-01-31,City,"Oak Park Heights, MN",8,414950,35,98.93,0.0,5,20,6
2026-05-03,Rolling 3 Months,2025-10-01,2025-12-31,City,"Oak Park Heights, MN",14,400000,43,98.9,14.29,12,24,8
2026-05-03,Rolling 3 Months,2025-09-01,2025-11-30,City,"Oak Park Heights, MN",19,418000,35,99.09,21.05,15,24,14
2026-05-03,Rolling 3 Months,2025-08-01,2025-10-31,City,"Oak Park Heights, MN",20,368750,38,98.58,20.0,20,31,19
2026-05-03,Rolling 3 Months,2025-07-01,2025-09-30,City,"Oak Park Heights, MN",21,385000,22,98.9,19.05,21,30,24
2026-05-03,Rolling 3 Months,2025-06-01,2025-08-31,City,"Oak Park Heights, MN",19,380000,20,99.4,21.05,22,33,22
2026-05-03,Rolling 3 Months,2025-05-01,2025-07-31,City,"Oak Park Heights, MN",17,385000,18,99.82,23.53,27,33,21
2026-05-03,Rolling 3 Months,2025-04-01,2025-06-30,City,"Oak Park Heights, MN",13,375000,18,100.85,30.77,23,26,17
2026-05-03,Rolling 3 Months,2025-03-01,2025-05-31,City,"Oak Park Heights, MN",8,289950,26,99.68,25.0,21,26,16
2026-05-03,Rolling 3 Months,2025-02-01,2025-04-30,City,"Oak Park Heights, MN",6,307500,22,100.46,33.33,10,13,11
2026-05-03,Rolling 3 Months,2025-01-01,2025-03-31,City,"Oak Park Heights, MN",6,337500,111,97.34,0.0,6,10,8
2026-05-03,Rolling 3 Months,2024-12-01,2025-02-28,City,"Oak Park Heights, MN",6,365000,29,99.04,33.33,3,10,7
2026-05-03,Rolling 3 Months,2024-11-01,2025-01-31,City,"Oak Park Heights, MN",12,365000,24,99.16,33.33,3,12,8
2026-05-03,Rolling 3 Months,2024-10-01,2024-12-31,City,"Oak Park Heights, MN",15,365000,20,99.78,33.33,6,15,10
2026-05-03,Rolling 3 Months,2024-09-01,2024-11-30,City,"Oak Park Heights, MN",19,343000,27,100.23,26.32,15,22,15
2026-05-03,Rolling 3 Months,2024-08-01,2024-10-31,City,"Oak Park Heights, MN",15,430000,27,100.86,33.33,19,26,17
2026-05-03,Rolling 3 Months,2024-07-01,2024-09-30,City,"Oak Park Heights, MN",10,401364,24,100.79,40.0,22,28,17
2026-05-03,Rolling 3 Months,2024-06-01,2024-08-31,City,"Oak Park Heights, MN",8,357500,25,98.4,25.0,16,19,12
2026-05-03,Rolling 3 Months,2024-05-01,2024-07-31,City,"Oak Park Heights, MN",5,290000,62,97.19,0.0,12,16,14
2026-05-03,Rolling 3 Months,2024-04-01,2024-06-30,City,"Oak Park Heights, MN",7,290000,62,100.1,28.57,7,11,7
2026-05-03,Rolling 3 Months,2024-03-01,2024-05-31,City,"Oak Park Heights, MN",5,325000,20,102.64,60.0,6,10,6
2026-05-03,Rolling 3 Months,2024-02-01,2024-04-30,City,"Oak Park Heights, MN",11,325000,20,100.22,36.36,8,13,5
2026-05-03,Rolling 3 Months,2024-01-01,2024-03-31,City,"Oak Park Heights, MN",9,325000,20,98.87,22.22,10,16,11
2026-05-03,Rolling 3 Months,2023-12-01,2024-02-29,City,"Oak Park Heights, MN",12,330900,26,98.36,8.33,9,14,12
2026-05-03,Rolling 3 Months,2023-11-01,2024-01-31,City,"Oak Park Heights, MN",8,336500,35,99.02,12.5,6,15,11
2026-05-03,Rolling 3 Months,2023-10-01,2023-12-31,City,"Oak Park Heights, MN",15,340000,30,100.24,33.33,8,13,9
2026-05-03,Rolling 3 Months,2023-09-01,2023-11-30,City,"Oak Park Heights, MN",14,342500,23,100.53,50.0,10,22,15
2026-05-03,Rolling 3 Months,2023-08-01,2023-10-31,City,"Oak Park Heights, MN",15,345000,19,101.28,60.0,22,26,18
2026-05-03,Rolling 3 Months,2023-07-01,2023-09-30,City,"Oak Park Heights, MN",11,380000,11,101.12,54.55,20,23,15
2026-05-03,Rolling 3 Months,2023-06-01,2023-08-31,City,"Oak Park Heights, MN",12,380000,19,101.02,41.67,22,25,12
2026-05-03,Rolling 3 Months,2023-05-01,2023-07-31,City,"Oak Park Heights, MN",13,299900,27,99.71,23.08,12,17,12
2026-05-03,Rolling 3 Months,2023-04-01,2023-06-30,City,"Oak Park Heights, MN",12,346450,21,99.75,33.33,12,15,14
2026-05-03,Rolling 3 Months,2023-03-01,2023-05-31,City,"Oak Park Heights, MN",14,358950,20,100.51,42.86,8,17,13
2026-05-03,Rolling 3 Months,2023-02-01,2023-04-30,City,"Oak Park Heights, MN",13,355000,21,101.31,53.85,10,17,11
2026-05-03,Rolling 3 Months,2023-01-01,2023-03-31,City,"Oak Park Heights, MN",12,357500,22,101.95,58.33,9,16,13
2026-05-03,Rolling 3 Months,2026-02-01,2026-04-30,City,"Oakdale, MN",74,307341,37,100.58,33.34,105,145,82
2026-05-03,Rolling 3 Months,2026-01-01,2026-03-31,City,"Oakdale, MN",60,285250,39,99.73,30.0,82,133,72
2026-05-03,Rolling 3 Months,2025-12-01,2026-02-28,City,"Oakdale, MN",82,305000,39,98.13,21.95,55,115,61
2026-05-03,Rolling 3 Months,2025-11-01,2026-01-31,City,"Oakdale, MN",84,317349,28,98.16,21.43,64,132,71
2026-05-03,Rolling 3 Months,2025-10-01,2025-12-31,City,"Oakdale, MN",102,330000,29,98.97,20.59,85,157,85
2026-05-03,Rolling 3 Months,2025-09-01,2025-11-30,City,"Oakdale, MN",98,341000,23,99.89,25.51,114,173,89
2026-05-03,Rolling 3 Months,2025-08-01,2025-10-31,City,"Oakdale, MN",112,339950,22,99.67,25.89,136,185,104
2026-05-03,Rolling 3 Months,2025-07-01,2025-09-30,City,"Oakdale, MN",113,360000,21,100.12,37.17,140,195,105
2026-05-03,Rolling 3 Months,2025-06-01,2025-08-31,City,"Oakdale, MN",121,380000,19,100.4,44.63,130,176,112
2026-05-03,Rolling 3 Months,2025-05-01,2025-07-31,City,"Oakdale, MN",111,380000,17,100.66,54.05,124,170,115
2026-05-03,Rolling 3 Months,2025-04-01,2025-06-30,City,"Oakdale, MN",95,370000,16,100.69,51.58,124,158,106
2026-05-03,Rolling 3 Months,2025-03-01,2025-05-31,City,"Oakdale, MN",90,332000,21,100.76,47.78,117,150,96
2026-05-03,Rolling 3 Months,2025-02-01,2025-04-30,City,"Oakdale, MN",75,360000,27,101.17,41.33,104,141,84
2026-05-03,Rolling 3 Months,2025-01-01,2025-03-31,City,"Oakdale, MN",76,317205,30,100.19,36.84,87,125,69
2026-05-03,Rolling 3 Months,2024-12-01,2025-02-28,City,"Oakdale, MN",72,306250,30,99.58,29.17,72,118,71
2026-05-03,Rolling 3 Months,2024-11-01,2025-01-31,City,"Oakdale, MN",83,324424,28,99.2,28.92,73,130,67
2026-05-03,Rolling 3 Months,2024-10-01,2024-12-31,City,"Oakdale, MN",88,350000,25,99.84,32.95,77,132,80
2026-05-03,Rolling 3 Months,2024-09-01,2024-11-30,City,"Oakdale, MN",87,370000,24,100.45,37.93,93,150,85
2026-05-03,Rolling 3 Months,2024-08-01,2024-10-31,City,"Oakdale, MN",95,351818,20,100.77,40.0,104,149,86
2026-05-03,Rolling 3 Months,2024-07-01,2024-09-30,City,"Oakdale, MN",109,330000,22,100.78,37.61,113,161,95
2026-05-03,Rolling 3 Months,2024-06-01,2024-08-31,City,"Oakdale, MN",116,340000,20,101.14,39.66,119,169,103
2026-05-03,Rolling 3 Months,2024-05-01,2024-07-31,City,"Oakdale, MN",108,359450,18,101.66,43.52,118,165,110
2026-05-03,Rolling 3 Months,2024-04-01,2024-06-30,City,"Oakdale, MN",95,385000,16,102.07,51.58,117,155,101
2026-05-03,Rolling 3 Months,2024-03-01,2024-05-31,City,"Oakdale, MN",83,373500,18,101.52,46.99,114,147,89
2026-05-03,Rolling 3 Months,2024-02-01,2024-04-30,City,"Oakdale, MN",90,352778,33,100.25,37.78,106,137,90
2026-05-03,Rolling 3 Months,2024-01-01,2024-03-31,City,"Oakdale, MN",85,345000,35,99.29,30.59,89,131,92
2026-05-03,Rolling 3 Months,2023-12-01,2024-02-29,City,"Oakdale, MN",85,333000,36,98.94,29.41,77,122,92
2026-05-03,Rolling 3 Months,2023-11-01,2024-01-31,City,"Oakdale, MN",82,325000,32,99.28,26.83,76,123,89
2026-05-03,Rolling 3 Months,2023-10-01,2023-12-31,City,"Oakdale, MN",88,355250,27,99.83,27.27,89,133,89
2026-05-03,Rolling 3 Months,2023-09-01,2023-11-30,City,"Oakdale, MN",98,359991,23,100.74,35.71,107,146,92
2026-05-03,Rolling 3 Months,2023-08-01,2023-10-31,City,"Oakdale, MN",109,360000,17,101.22,44.95,116,158,100
2026-05-03,Rolling 3 Months,2023-07-01,2023-09-30,City,"Oakdale, MN",117,349900,18,101.29,47.86,126,161,110
2026-05-03,Rolling 3 Months,2023-06-01,2023-08-31,City,"Oakdale, MN",121,349991,17,102.05,55.37,131,167,124
2026-05-03,Rolling 3 Months,2023-05-01,2023-07-31,City,"Oakdale, MN",113,330000,16,102.2,55.75,145,173,127
2026-05-03,Rolling 3 Months,2023-04-01,2023-06-30,City,"Oakdale, MN",109,362000,15,102.28,56.88,129,157,115
2026-05-03,Rolling 3 Months,2023-03-01,2023-05-31,City,"Oakdale, MN",94,353334,17,101.1,50.0,120,146,108
2026-05-03,Rolling 3 Months,2023-02-01,2023-04-30,City,"Oakdale, MN",74,346990,22,100.34,44.59,92,126,91
2026-05-03,Rolling 3 Months,2023-01-01,2023-03-31,City,"Oakdale, MN",55,330000,27,99.44,36.36,74,109,78
2026-05-03,Rolling 3 Months,2026-02-01,2026-04-30,City,"Stillwater, MN",57,432277,29,101.2,41.07,78,103,74
2026-05-03,Rolling 3 Months,2026-01-01,2026-03-31,City,"Stillwater, MN",39,480000,44,100.45,41.03,57,84,59
2026-05-03,Rolling 3 Months,2025-12-01,2026-02-28,City,"Stillwater, MN",38,479500,48,99.24,31.58,41,70,41
2026-05-03,Rolling 3 Months,2025-11-01,2026-01-31,City,"Stillwater, MN",49,455000,33,99.09,32.65,33,66,44
2026-05-03,Rolling 3 Months,2025-10-01,2025-12-31,City,"Stillwater, MN",72,462450,33,98.65,26.39,47,89,54
2026-05-03,Rolling 3 Months,2025-09-01,2025-11-30,City,"Stillwater, MN",74,469950,26,99.04,28.38,59,99,69
2026-05-03,Rolling 3 Months,2025-08-01,2025-10-31,City,"Stillwater, MN",89,468000,27,100.04,35.96,72,119,80
2026-05-03,Rolling 3 Months,2025-07-01,2025-09-30,City,"Stillwater, MN",90,442500,26,100.5,41.11,83,136,90
2026-05-03,Rolling 3 Months,2025-06-01,2025-08-31,City,"Stillwater, MN",104,452803,22,100.98,45.19,94,141,102
2026-05-03,Rolling 3 Months,2025-05-01,2025-07-31,City,"Stillwater, MN",96,485000,19,101.17,42.71,113,150,113
2026-05-03,Rolling 3 Months,2025-04-01,2025-06-30,City,"Stillwater, MN",89,525000,14,101.62,46.07,116,137,99
2026-05-03,Rolling 3 Months,2025-03-01,2025-05-31,City,"Stillwater, MN",72,472500,21,101.0,40.28,111,140,97
2026-05-03,Rolling 3 Months,2025-02-01,2025-04-30,City,"Stillwater, MN",64,425000,24,100.35,40.63,83,114,71
2026-05-03,Rolling 3 Months,2025-01-01,2025-03-31,City,"Stillwater, MN",54,422500,33,99.76,29.63,54,89,61
2026-05-03,Rolling 3 Months,2024-12-01,2025-02-28,City,"Stillwater, MN",59,425000,27,99.48,25.42,43,88,54
2026-05-03,Rolling 3 Months,2024-11-01,2025-01-31,City,"Stillwater, MN",62,442450,30,99.33,17.74,54,95,60
2026-05-03,Rolling 3 Months,2024-10-01,2024-12-31,City,"Stillwater, MN",77,440000,28,99.14,22.08,63,109,71
2026-05-03,Rolling 3 Months,2024-09-01,2024-11-30,City,"Stillwater, MN",88,449200,28,99.2,27.27,75,129,85
2026-05-03,Rolling 3 Months,2024-08-01,2024-10-31,City,"Stillwater, MN",89,463061,25,99.28,32.58,82,133,88
2026-05-03,Rolling 3 Months,2024-07-01,2024-09-30,City,"Stillwater, MN",92,456531,21,99.3,34.78,99,142,89
2026-05-03,Rolling 3 Months,2024-06-01,2024-08-31,City,"Stillwater, MN",80,448500,20,99.67,33.75,100,146,89
2026-05-03,Rolling 3 Months,2024-05-01,2024-07-31,City,"Stillwater, MN",72,443500,20,99.94,34.72,102,139,85
2026-05-03,Rolling 3 Months,2024-04-01,2024-06-30,City,"Stillwater, MN",60,442500,22,100.66,33.33,95,128,77
2026-05-03,Rolling 3 Months,2024-03-01,2024-05-31,City,"Stillwater, MN",57,435000,24,100.27,33.33,86,113,61
2026-05-03,Rolling 3 Months,2024-02-01,2024-04-30,City,"Stillwater, MN",54,440000,26,100.17,27.78,69,96,56
2026-05-03,Rolling 3 Months,2024-01-01,2024-03-31,City,"Stillwater, MN",48,408750,34,99.65,25.0,56,85,53
2026-05-03,Rolling 3 Months,2023-12-01,2024-02-29,City,"Stillwater, MN",39,402500,38,99.36,20.51,49,81,47
2026-05-03,Rolling 3 Months,2023-11-01,2024-01-31,City,"Stillwater, MN",46,392500,51,98.17,15.22,40,82,42
2026-05-03,Rolling 3 Months,2023-10-01,2023-12-31,City,"Stillwater, MN",62,385000,40,99.92,25.81,36,92,48
2026-05-03,Rolling 3 Months,2023-09-01,2023-11-30,City,"Stillwater, MN",78,402126,26,100.05,26.92,58,106,69
2026-05-03,Rolling 3 Months,2023-08-01,2023-10-31,City,"Stillwater, MN",78,404626,18,101.46,38.46,76,122,75
2026-05-03,Rolling 3 Months,2023-07-01,2023-09-30,City,"Stillwater, MN",70,418000,15,101.14,47.14,97,130,79
2026-05-03,Rolling 3 Months,2023-06-01,2023-08-31,City,"Stillwater, MN",73,388000,15,102.31,57.53,99,126,68
2026-05-03,Rolling 3 Months,2023-05-01,2023-07-31,City,"Stillwater, MN",71,384000,15,101.81,54.93,96,128,72
2026-05-03,Rolling 3 Months,2023-04-01,2023-06-30,City,"Stillwater, MN",63,380000,19,101.82,47.62,87,110,70
2026-05-03,Rolling 3 Months,2023-03-01,2023-05-31,City,"Stillwater, MN",44,392500,20,100.99,43.18,74,93,61
2026-05-03,Rolling 3 Months,2023-02-01,2023-04-30,City,"Stillwater, MN",34,467124,18,99.73,35.29,58,73,54
2026-05-03,Rolling 3 Months,2023-01-01,2023-03-31,City,"Stillwater, MN",35,500000,40,98.28,25.71,41,66,34
2026-05-03,Rolling 3 Months,2026-02-01,2026-04-30,City,"White Bear Lake, MN",69,364812,25,99.98,41.79,89,120,87
2026-05-03,Rolling 3 Months,2026-01-01,2026-03-31,City,"White Bear Lake, MN",61,371000,29,99.66,40.98,70,100,74
2026-05-03,Rolling 3 Months,2025-12-01,2026-02-28,City,"White Bear Lake, MN",56,355000,44,98.58,30.36,61,100,59
2026-05-03,Rolling 3 Months,2025-11-01,2026-01-31,City,"White Bear Lake, MN",59,350000,43,98.94,23.73,49,101,55
2026-05-03,Rolling 3 Months,2025-10-01,2025-12-31,City,"White Bear Lake, MN",73,350000,28,99.46,32.88,56,115,62
2026-05-03,Rolling 3 Months,2025-09-01,2025-11-30,City,"White Bear Lake, MN",78,357450,19,99.75,35.9,85,127,78
2026-05-03,Rolling 3 Months,2025-08-01,2025-10-31,City,"White Bear Lake, MN",85,355000,17,100.48,45.88,101,132,86
2026-05-03,Rolling 3 Months,2025-07-01,2025-09-30,City,"White Bear Lake, MN",87,350000,17,100.39,42.53,102,141,92
2026-05-03,Rolling 3 Months,2025-06-01,2025-08-31,City,"White Bear Lake, MN",84,355000,17,100.34,42.86,96,124,86
2026-05-03,Rolling 3 Months,2025-05-01,2025-07-31,City,"White Bear Lake, MN",94,373500,15,100.9,45.74,93,124,85
2026-05-03,Rolling 3 Months,2025-04-01,2025-06-30,City,"White Bear Lake, MN",84,383500,11,101.52,52.38,104,132,87
2026-05-03,Rolling 3 Months,2025-03-01,2025-05-31,City,"White Bear Lake, MN",75,372000,13,102.18,57.33,90,119,84
2026-05-03,Rolling 3 Months,2025-02-01,2025-04-30,City,"White Bear Lake, MN",53,345000,22,100.87,43.4,84,108,78
2026-05-03,Rolling 3 Months,2025-01-01,2025-03-31,City,"White Bear Lake, MN",55,340000,28,100.18,32.73,56,88,60
2026-05-03,Rolling 3 Months,2024-12-01,2025-02-28,City,"White Bear Lake, MN",57,350000,31,99.74,28.07,51,87,60
2026-05-03,Rolling 3 Months,2024-11-01,2025-01-31,City,"White Bear Lake, MN",62,350000,30,100.04,32.26,41,84,61
2026-05-03,Rolling 3 Months,2024-10-01,2024-12-31,City,"White Bear Lake, MN",58,350000,27,99.61,27.59,54,99,69
2026-05-03,Rolling 3 Months,2024-09-01,2024-11-30,City,"White Bear Lake, MN",67,345000,18,100.06,32.84,67,103,62
2026-05-03,Rolling 3 Months,2024-08-01,2024-10-31,City,"White Bear Lake, MN",75,350000,14,100.89,44.0,84,117,74
2026-05-03,Rolling 3 Months,2024-07-01,2024-09-30,City,"White Bear Lake, MN",86,350000,12,101.44,51.16,92,118,72
2026-05-03,Rolling 3 Months,2024-06-01,2024-08-31,City,"White Bear Lake, MN",81,356000,13,103.15,56.79,98,123,89
2026-05-03,Rolling 3 Months,2024-05-01,2024-07-31,City,"White Bear Lake, MN",89,360000,13,102.42,49.44,106,126,91
2026-05-03,Rolling 3 Months,2024-04-01,2024-06-30,City,"White Bear Lake, MN",85,355078,14,102.51,48.24,101,117,92
2026-05-03,Rolling 3 Months,2024-03-01,2024-05-31,City,"White Bear Lake, MN",87,360000,15,100.72,41.38,83,113,74
2026-05-03,Rolling 3 Months,2024-02-01,2024-04-30,City,"White Bear Lake, MN",64,352578,18,100.23,32.81,73,98,77
2026-05-03,Rolling 3 Months,2024-01-01,2024-03-31,City,"White Bear Lake, MN",49,360000,23,99.39,26.53,67,89,67
2026-05-03,Rolling 3 Months,2023-12-01,2024-02-29,City,"White Bear Lake, MN",48,340000,27,99.66,29.17,54,82,58
2026-05-03,Rolling 3 Months,2023-11-01,2024-01-31,City,"White Bear Lake, MN",47,340000,28,100.16,31.91,44,78,48
2026-05-03,Rolling 3 Months,2023-10-01,2023-12-31,City,"White Bear Lake, MN",59,332500,17,100.31,32.2,48,75,45
2026-05-03,Rolling 3 Months,2023-09-01,2023-11-30,City,"White Bear Lake, MN",69,330000,11,100.68,43.48,64,93,54
2026-05-03,Rolling 3 Months,2023-08-01,2023-10-31,City,"White Bear Lake, MN",90,336500,11,102.34,57.78,89,113,68
2026-05-03,Rolling 3 Months,2023-07-01,2023-09-30,City,"White Bear Lake, MN",99,340000,11,103.55,67.68,97,123,91
2026-05-03,Rolling 3 Months,2023-06-01,2023-08-31,City,"White Bear Lake, MN",87,360000,11,104.57,71.26,123,139,106
2026-05-03,Rolling 3 Months,2023-05-01,2023-07-31,City,"White Bear Lake, MN",75,349900,10,104.16,69.33,104,116,90
2026-05-03,Rolling 3 Months,2023-04-01,2023-06-30,City,"White Bear Lake, MN",59,360000,10,104.11,66.1,89,102,74
2026-05-03,Rolling 3 Months,2023-03-01,2023-05-31,City,"White Bear Lake, MN",57,325000,11,103.21,59.65,57,72,57
2026-05-03,Rolling 3 Months,2023-02-01,2023-04-30,City,"White Bear Lake, MN",56,332500,16,101.61,44.64,54,73,55
2026-05-03,Rolling 3 Months,2023-01-01,2023-03-31,City,"White Bear Lake, MN",50,327500,21,100.3,36.0,51,67,60
2026-05-03,Rolling 3 Months,2026-02-01,2026-04-30,City,"Woodbury, MN",241,414786,39,99.13,21.7,401,534,301
2026-05-03,Rolling 3 Months,2026-01-01,2026-03-31,City,"Woodbury, MN",197,420000,57,98.36,13.2,284,432,240
2026-05-03,Rolling 3 Months,2025-12-01,2026-02-28,City,"Woodbury, MN",209,447950,60,98.05,11.96,194,383,184
2026-05-03,Rolling 3 Months,2025-11-01,2026-01-31,City,"Woodbury, MN",240,450900,50,98.49,16.67,170,388,192
2026-05-03,Rolling 3 Months,2025-10-01,2025-12-31,City,"Woodbury, MN",297,445000,42,98.8,20.2,216,446,237
2026-05-03,Rolling 3 Months,2025-09-01,2025-11-30,City,"Woodbury, MN",308,434100,38,99.14,23.05,286,539,294
2026-05-03,Rolling 3 Months,2025-08-01,2025-10-31,City,"Woodbury, MN",341,447000,37,99.12,24.34,332,590,323
2026-05-03,Rolling 3 Months,2025-07-01,2025-09-30,City,"Woodbury, MN",347,457500,37,99.39,25.36,356,636,352
2026-05-03,Rolling 3 Months,2025-06-01,2025-08-31,City,"Woodbury, MN",372,474500,28,99.5,28.23,379,649,367
2026-05-03,Rolling 3 Months,2025-05-01,2025-07-31,City,"Woodbury, MN",387,470000,25,99.75,32.82,437,662,381
2026-05-03,Rolling 3 Months,2025-04-01,2025-06-30,City,"Woodbury, MN",359,470000,22,99.81,33.7,465,669,380
2026-05-03,Rolling 3 Months,2025-03-01,2025-05-31,City,"Woodbury, MN",307,444000,25,99.83,31.6,459,646,359
2026-05-03,Rolling 3 Months,2025-02-01,2025-04-30,City,"Woodbury, MN",244,437352,38,99.31,25.0,384,571,320
2026-05-03,Rolling 3 Months,2025-01-01,2025-03-31,City,"Woodbury, MN",224,441495,50,99.04,21.43,312,503,279
2026-05-03,Rolling 3 Months,2024-12-01,2025-02-28,City,"Woodbury, MN",243,464900,57,98.59,19.75,245,458,234
2026-05-03,Rolling 3 Months,2024-11-01,2025-01-31,City,"Woodbury, MN",262,465000,48,98.76,18.32,218,476,236
2026-05-03,Rolling 3 Months,2024-10-01,2024-12-31,City,"Woodbury, MN",305,465000,48,98.67,16.07,226,519,250
2026-05-03,Rolling 3 Months,2024-09-01,2024-11-30,City,"Woodbury, MN",302,455000,44,99.02,18.21,279,566,293
2026-05-03,Rolling 3 Months,2024-08-01,2024-10-31,City,"Woodbury, MN",343,470000,41,99.06,19.24,328,618,314
2026-05-03,Rolling 3 Months,2024-07-01,2024-09-30,City,"Woodbury, MN",347,465000,33,99.38,25.07,380,663,337
2026-05-03,Rolling 3 Months,2024-06-01,2024-08-31,City,"Woodbury, MN",367,485000,29,99.65,28.88,431,684,345
2026-05-03,Rolling 3 Months,2024-05-01,2024-07-31,City,"Woodbury, MN",365,479900,26,100.11,32.6,483,699,360
2026-05-03,Rolling 3 Months,2024-04-01,2024-06-30,City,"Woodbury, MN",366,477750,26,100.06,30.6,499,701,371
2026-05-03,Rolling 3 Months,2024-03-01,2024-05-31,City,"Woodbury, MN",316,470000,28,100.17,27.85,460,644,364
2026-05-03,Rolling 3 Months,2024-02-01,2024-04-30,City,"Woodbury, MN",249,462822,35,99.91,24.5,382,545,307
2026-05-03,Rolling 3 Months,2024-01-01,2024-03-31,City,"Woodbury, MN",190,470500,51,99.84,22.11,311,471,251
2026-05-03,Rolling 3 Months,2023-12-01,2024-02-29,City,"Woodbury, MN",194,449990,52,98.95,16.49,232,437,219
2026-05-03,Rolling 3 Months,2023-11-01,2024-01-31,City,"Woodbury, MN",223,471000,42,99.06,16.59,201,422,221
2026-05-03,Rolling 3 Months,2023-10-01,2023-12-31,City,"Woodbury, MN",262,463250,37,99.39,21.37,230,444,231
2026-05-03,Rolling 3 Months,2023-09-01,2023-11-30,City,"Woodbury, MN",293,475000,33,99.59,26.28,290,503,243
2026-05-03,Rolling 3 Months,2023-08-01,2023-10-31,City,"Woodbury, MN",341,470000,28,99.59,26.98,330,562,287
2026-05-03,Rolling 3 Months,2023-07-01,2023-09-30,City,"Woodbury, MN",376,455500,26,99.72,30.05,352,585,318
2026-05-03,Rolling 3 Months,2023-06-01,2023-08-31,City,"Woodbury, MN",422,450000,22,100.21,34.6,429,630,377
2026-05-03,Rolling 3 Months,2023-05-01,2023-07-31,City,"Woodbury, MN",375,445000,21,100.44,40.0,482,652,417
2026-05-03,Rolling 3 Months,2023-04-01,2023-06-30,City,"Woodbury, MN",335,440000,19,100.67,42.69,473,624,385
2026-05-03,Rolling 3 Months,2023-03-01,2023-05-31,City,"Woodbury, MN",253,429900,20,100.48,43.87,420,548,349
2026-05-03,Rolling 3 Months,2023-02-01,2023-04-30,City,"Woodbury, MN",233,410000,24,100.1,36.91,343,484,289
2026-05-03,Rolling 3 Months,2023-01-01,2023-03-31,City,"Woodbury, MN",186,469326,36,99.23,25.81,279,407,261
